n,サンプル平均,サンプル分散
1,1.206964828831497,0.628904782710257
2,1.1215976302230737,0.7788782818279698
3,1.3099274027242147,0.5519947683304444
4,1.2777588868264815,0.5815825999179334
5,1.3672041845012746,0.48039268870507457
6,1.424077444645133,0.4144947488570827
7,1.4943887856214828,0.3562830587737622
8,1.4749923390384574,0.3663269128835351
9,1.4532171728668823,0.3833814952222825
10,1.4603924183936814,0.3676087311194864
11,1.4251775396591384,0.41230572774835844
12,1.4139430467274279,0.4199122325579228
13,1.40250325902544,0.42914153122918186
14,1.5513766977637367,0.556372154698141
15,1.5318378821062661,0.5559558179690856
16,1.669053415734974,0.7076784779265468
17,1.6301012574806355,0.7240687851717751
18,1.6038789720316402,0.7232202642709235
19,1.6268961135396274,0.6852453989967714
20,1.6004675665135455,0.6916340037275849
21,1.6054114545932192,0.662863092486437
22,1.578677639737644,0.6766312751904257
23,1.672721805017995,0.7791036564025526
24,1.6496709265232425,0.7789442948885318
25,1.6266009283464777,0.7821655440515651
26,1.6107611900330001,0.7757972429111404
27,1.6060332567537772,0.7569595073308166
28,1.6093760073192094,0.7331474525385316
29,1.648099131055847,0.7263606968029471
30,1.629175819912018,0.7303374913706502
31,1.6132948296429526,0.73081053417678
32,1.5982757044983984,0.7314801762968841
33,1.6380084907247459,0.7343781472298596
34,1.9021459132608802,2.8975334874293814
35,1.9317645604486366,2.83992803765515
36,1.9128240996147987,2.776669982520944
37,1.8941137634002607,2.7180452614879256
38,1.914818186697401,2.658717757024498
39,1.9049516561153792,2.5962090431570317
40,1.9035161586072173,2.531884981215426
41,1.9010280479479365,2.4710926844113223
42,1.8817776245353373,2.4318651828734885
43,1.8667995515472178,2.3888234357693063
44,1.8474288999412805,2.356605362771297
45,1.8608856905579383,2.308796242199244
46,1.8592840199408662,2.259589369039467
47,1.9040820978233837,2.2936494719666105
48,1.8866174496651043,2.2640477934376597
49,1.8729104696566474,2.2304195441160766
50,1.9007413046564055,2.2177879415490347
51,1.896220817108014,2.176434656193057
52,1.8801357901015843,2.1515797040397433
53,1.8795137639964838,2.11142456803828
54,1.8714709423934268,2.078024140656313
55,1.8561556423108339,2.057379877161614
56,1.84523198158732,2.0308353267669377
57,1.8321557927110665,2.0094206618082127
58,1.8236220838958779,1.9823496665476692
59,1.810866494222616,1.9633770013701242
60,1.8012422440081661,1.940448350629245
61,1.7992896856294556,1.9102940728519957
62,1.7935499184915318,1.8844792766248875
63,1.7879684528085404,1.8595106529799876
64,1.7873035583525505,1.831468508660121
65,1.7817657773762057,1.8083371554194603
66,1.7724248963742182,1.7914953519653363
67,1.7633966868949018,1.7750998721929787
68,1.7534695039533883,1.761217652292808
69,1.7635008098511793,1.7385708131307636
70,1.7544384345356239,1.7245684679905882
71,1.761516870798787,1.7012090925033134
72,1.7706177199403872,1.6799937427293925
73,1.7606674752389015,1.6694932577105916
74,1.7554341173187655,1.6522383329685528
75,1.7488806735937665,1.6374325574895943
76,1.7599621476929221,1.6204843257166945
77,1.800549503241954,1.7075470334945193
78,1.792004182443995,1.6952699038229957
79,1.8277889054713674,1.7606354349875364
80,1.8195123165264515,1.74732899516106
81,1.8173111974898495,1.7273461913541868
82,1.8156129250492223,1.7075450178334657
83,1.807532146773751,1.6957816051753176
84,1.826523650023898,1.6990211041481251
85,1.8179047002217548,1.6886913711848088
86,1.8656676228531468,1.8482377067698408
87,1.8621316075988814,1.82923880995351
88,1.8671431402788874,1.809496298367921
89,1.859505200486435,1.7965848029632567
90,1.8535838648439924,1.781661502620352
91,1.8444964974324054,1.7724942606007346
92,1.838143573915186,1.7591797496231476
93,1.8319972895735532,1.7460484065907576
94,1.830649545577351,1.7283972807427797
95,1.8242696321222798,1.7165332110105826
96,1.8228354685481751,1.6996758429021293
97,1.8162143370894308,1.6890754709866693
98,1.809719848873772,1.678705340603828
99,1.8120550039383274,1.6617656182379479
100,1.8065241536111498,1.650639217091097
101,1.8024115566180925,1.6379665125739
102,1.8187000483289615,1.6429160648478496
103,1.8185360252740623,1.6273467922861002
104,1.8208114708084948,1.6117285067155565
105,1.8575974488374023,1.7255881151840313
106,1.8532781321422487,1.712708040583985
107,1.849391780081956,1.6996591381895987
108,1.8700921361966802,1.7241748045367642
109,1.8701835776234654,1.7084886667254073
110,1.8653354475868238,1.6969543682595052
111,1.857952113588376,1.6898694239772756
112,1.8510789598737316,1.6822050022999828
113,1.8489279607839597,1.6686779793334172
114,1.8455243833763333,1.6565896382816427
115,1.852057218168879,1.6452816475049516
116,1.8452351037655554,1.6387042162136203
117,1.8467153989853262,1.6247011002784235
118,1.8402625837509834,1.6180231826638933
119,1.8401361571961339,1.6046830618780101
120,1.8340770649927896,1.5978664447574884
121,1.830775325856617,1.5873032088211203
122,1.8329245921046973,1.57436339858908
123,1.827245771979366,1.567654849944869
124,1.8420617271072326,1.5773536652164952
125,1.8367196635136827,1.5701890299041068
126,1.8422565751902733,1.5599934968764873
127,1.8448783364828325,1.5479518326434838
128,1.846722095900645,1.5359095644221137
129,1.843530462249516,1.5264778892634865
130,1.8415503222704839,1.5160534674784123
131,1.845047270632525,1.5051659635795591
132,1.8440001158049992,1.494414349090442
133,1.8380981037022084,1.4898354428906104
134,1.8422633535326303,1.4798889648876696
135,1.8433113133636359,1.4689287833321856
136,1.8540059949019219,1.4705120547754493
137,1.8528539916825097,1.4604521539977129
138,1.8604449990121432,1.4557441208258532
139,1.8923269810498968,1.5778007219209171
140,1.8895648753223453,1.568276427780409
141,1.8885849276130966,1.5575922390315853
142,1.882789707105841,1.552771057624643
143,1.914195421915081,1.6756900503382177
144,1.913564544751854,1.6642700189941524
145,1.9113728880449907,1.6539191802324478
146,1.9056204748696608,1.6484955835339048
147,1.9024744299969445,1.6393907144644808
148,1.8986636241190729,1.6312706090548683
149,1.8961435421445056,1.6218484271439537
150,1.8905067784981502,1.617044806328139
151,1.8937947444498036,1.6073276948908566
152,1.8908215811501203,1.5988025437267146
153,1.8850473196569657,1.594792952054745
154,1.8801904249626054,1.5892723573721061
155,1.8752652257073277,1.5840516940863896
156,1.87260681705446,1.5757629175371615
157,1.8816172043068946,1.5762802281212482
158,1.8920175522435478,1.5810204492100224
159,1.8865247615333391,1.5771336582079731
160,1.8838107820479244,1.5691515002622423
161,1.8825793766238323,1.5600193540926348
162,1.8774769394444182,1.5558906245187274
163,1.874932014767243,1.5481166973157794
164,1.8702303616924718,1.5435737007938624
165,1.8684782552991472,1.5352820403378047
166,1.8662534993084123,1.5275443890714409
167,1.861771920499752,1.5230574417971248
168,1.8731336188579606,1.532651160207825
169,1.8827912610586863,1.536989634286818
170,1.8778273780943857,1.5333817736188962
171,1.8731295676104094,1.5294236752079622
172,1.869259456122748,1.5241834397705925
173,1.866370156748601,1.517671644801851
174,1.8618030567956232,1.513901983679183
175,1.8591763007948037,1.507293741427451
176,1.8566609043049664,1.500664295873512
177,1.8563382239474155,1.4924129812825433
178,1.8539829463277109,1.4858087384234295
179,1.856082036244536,1.4778029426637396
180,1.8519818409918452,1.473914266798373
181,1.8479190973233004,1.4700824253902676
182,1.8505182123954844,1.462571060765796
183,1.846238772475201,1.459331758497712
184,1.8432790229400349,1.4540511505947427
185,1.8395699577556224,1.4500318313990401
186,1.837004620094659,1.4444215091174468
187,1.8379351524202787,1.436697978650671
188,1.8377674759558869,1.4292553102674477
189,1.833951601866272,1.4258224958379986
190,1.8692291569468278,1.6432038396184898
191,1.8668469489976738,1.6363971676499145
192,1.8646960369022565,1.6294276823064076
193,1.86263699863863,1.622455349910717
194,1.859657901561334,1.6167296279930958
195,1.8556110696228845,1.612869078739307
196,1.8524234639875403,1.6076585556027112
197,1.8483261145915846,1.6041250395912032
198,1.845647360813607,1.5983729715858435
199,1.8429244565013034,1.5927766712052176
200,1.8408669971533975,1.586429132365273
201,1.8411417929836138,1.5785901566356704
202,1.9064961542734837,2.412917023916432
203,1.9054055281901021,2.4015192188844505
204,1.9227690147978098,2.448010045570144
205,1.9204997936067587,2.437503757048109
206,1.917086362982994,2.4286448431773007
207,1.9149605531691904,2.418233434556814
208,1.9108244205575167,2.410903928298645
209,1.9113124194286406,2.3993692887115143
210,1.9071317997512218,2.392393005445056
211,1.9031351525857492,2.385208190034849
212,1.904227722569426,2.3740428695850104
213,1.901115215425005,2.3655998550410056
214,1.8982060558860427,2.3569778126395313
215,1.8945596478357272,2.3496643877440517
216,1.8914843177319212,2.341529163871191
217,1.8919486425590537,2.3307389841946917
218,1.8900635583336498,2.3212831205418953
219,1.8865276979687373,2.314254286928905
220,1.8839566130132883,2.3058312753509
221,1.8884388038683544,2.298858222591893
222,1.8923814261085232,2.2911302086503444
223,1.8886964384816094,2.284729311352377
224,1.8850366976138846,2.278399806560169
225,1.8811593790232815,2.2726063840444173
226,1.884402392491721,2.264219164494564
227,1.8824004184978396,2.255676137799808
228,1.878990704621306,2.249296201574307
229,1.8774469014803727,2.240457302944386
230,1.8757070161619875,2.2319041982604086
231,1.8722266635061182,2.2259723892593404
232,1.8826402024073634,2.2389454021122326
233,1.8792346535645947,2.2328969351544234
234,1.8784033409372471,2.2237794668902375
235,1.8776920113421824,2.2146713918220327
236,1.8936560039050314,2.261589907811124
237,1.8911100862873789,2.25417270003267
238,1.8947990316279915,2.2471866072897697
239,1.8917519616666765,2.2406905965948543
240,1.8895145934967772,2.23308898661604
241,1.8865565212506878,2.2266361525269223
242,1.8849603567958637,2.2184670583341832
243,1.8825809000894775,2.2113153102200322
244,1.8884046686997202,2.2092169768426073
245,1.8856356153007692,2.2027471981386304
246,1.8903526926138219,2.1982408787979133
247,1.8890974456833953,2.1900542455452685
248,1.8868831069686782,2.182980144945394
249,1.8864479735615747,2.1744101314940774
250,1.8831836167884306,2.169169422157744
251,1.88531318087816,2.1612224396051762
252,1.886411814055227,2.1527505200064234
253,1.8861711074388017,2.1443619634023476
254,1.8837249681792352,2.1380473216991263
255,1.8809520375270488,2.1323214185695702
256,1.879629530729354,2.1248100327157418
257,1.879051855222927,2.1168235003779508
258,1.8762702736971877,2.111344508323993
259,1.875518910752143,2.1035838566563205
260,1.877565023945021,2.0961318535457325
261,1.8751582769725357,2.0902592957120323
262,1.8725631626129031,2.08475312042324
263,1.8703603009415104,2.078725737214309
264,1.8673608460969842,2.074068270288863
265,1.865734877505864,2.067439921066881
266,1.8626733395583839,2.063050699095802
267,1.8605532139136682,2.0571769955487187
268,1.8583016529109264,2.0515600985822418
269,1.8552626107248071,2.047353800719802
270,1.8546158193401694,2.040148778776259
271,1.8610240782852587,2.0419640573479345
272,1.8601041724754583,2.0350137082075217
273,1.8570025329742175,2.0311252522111087
274,1.8590057258210109,2.0243136142173084
275,1.8579641997807586,2.017616774427589
276,1.8550322633998029,2.013585108656812
277,1.8591278830076667,2.009850677373296
278,1.8582286775868724,2.003170511912533
279,1.8561145501105896,1.9979091746595166
280,1.8576995429505234,1.9910950259458164
281,1.855604500481048,1.9859109575462082
282,1.857069676301512,1.9791249076352533
283,1.8548890575940664,1.9741727667506033
284,1.8518942368723577,1.9707119438539593
285,1.8563626292596893,1.9682410029996888
286,1.855943568095755,1.9616017910355452
287,1.8562112533373762,1.954782690635096
288,1.8565402853736965,1.9480035969097562
289,1.8637642292088767,1.9543431940020135
290,1.860963054859872,1.9507068280145419
291,1.8617167936148946,1.944025527079207
292,1.8587707412353645,1.9407825052804517
293,1.8571607284730722,1.9354410074366943
294,1.8553620778477513,1.9303922411603303
295,1.853153843632566,1.9259967511678446
296,1.8507525747255291,1.9219748535995822
297,1.8522104139015756,1.9157746122492458
298,1.850121468441505,1.911336962209312
299,1.852836637969951,1.9064100401895319
300,1.851591238286893,1.9009593907593418
301,1.8503914739221217,1.895506465227967
302,1.8484537454268537,1.8910178171991245
303,1.8501885858977642,1.8852387438666465
304,1.8495080971014717,1.8794557895389004
305,1.8478000231365748,1.8747718397200768
306,1.8465706384612601,1.8695575453923297
307,1.8439345864512637,1.8664866287835866
308,1.8439255498035945,1.8605085322934427
309,1.8450205658427954,1.8545950030810603
310,1.8437741144679745,1.8495578953672982
311,1.8433966410930445,1.8438514968675133
312,1.8412858742335345,1.8400714923760648
313,1.8395150093175596,1.8358168283372787
314,1.8500822664101775,1.8617239429389083
315,1.853866575065861,1.859261500970109
316,1.8511879840942427,1.8564954569037448
317,1.859044452025157,1.867937124798581
318,1.8569790085281923,1.8640644656519825
319,1.854543956127052,1.8608731570468218
320,1.8518800470095425,1.8581698606303079
321,1.8498620843787712,1.8543544855420355
322,1.848937183302784,1.8492188027719125
323,1.8479753740175173,1.8441537043789522
324,1.8785075106664058,2.131286413742987
325,1.878120525564771,2.1249167288292607
326,1.8765803405460475,2.119592906897273
327,1.8848242911866446,2.133346432689498
328,1.8824311846402815,2.1293124691568557
329,1.8858179942533653,2.125859829556223
330,1.8857420850017954,2.1194765742126824
331,1.8841972741533957,2.114255687978608
332,1.8843282336379905,2.10790320333582
333,1.8824329463108043,2.1032479801841273
334,1.8844261201108157,2.0978504464305567
335,1.891168212298208,2.1052973547549554
336,1.8892183017462614,2.1007687871761167
337,1.888913706445497,2.0946702225233538
338,1.8899558547722246,2.088645038636755
339,1.893932820003788,2.0870059918049972
340,1.8977652958437008,2.085081704200834
341,1.8993966445922534,2.0795716878893713
342,1.8977395688848822,2.0747931751073128
343,1.8957702785353088,2.070507653661585
344,1.893286489625536,2.0671602935592586
345,1.8927491348506582,2.061415837462807
346,1.8931826427232483,2.0554632684296066
347,1.891342133135181,2.0511412756085172
348,1.890402848725962,2.0457922643900464
349,1.8907077979528386,2.0399304242287077
350,1.889826505932238,2.0346006527065277
351,1.8890698057430009,2.0292063689278663
352,1.8867324213958356,2.0259182146223598
353,1.8846021813303058,2.022299874850975
354,1.883007930367195,2.0178924663723037
355,1.8831718084830755,2.0122180065910924
356,1.8817208327287804,2.00769257567388
357,1.8805859325391234,2.0028362600554686
358,1.8795011160558377,1.9979619656740097
359,1.8771302647270498,1.9950263435493623
360,1.8751412970876344,1.9914394648111489
361,1.8740061924144447,1.9867147871524722
362,1.8727457940607448,1.982163156226917
363,1.8786123720351011,1.987747444357829
364,1.8788770499589764,1.9822883229315613
365,1.876822310774885,1.9789363549370924
366,1.8760300776005927,1.9739957653166431
367,1.8741548093980334,1.9704144636188676
368,1.8735882254674008,1.9653638499586088
369,1.872661821800618,1.960631867953021
370,1.870939296213923,1.9569131987272947
371,1.87031127347198,1.951991829925828
372,1.870087490101346,1.94686642661928
373,1.8682707677077242,1.9433953019964092
374,1.867677976918933,1.9385330548694455
375,1.8818439981684112,2.0049149304543445
376,1.8806155286739845,2.0004775775022794
377,1.8783916023044935,1.997604665804727
378,1.8764937422876435,1.9941822199540826
379,1.8747292984378838,1.9905765389735313
380,1.8732773493659207,1.9865443490461019
381,1.8765059536411817,1.9845256963364195
382,1.874747245904899,1.9809864524748868
383,1.8729131059400586,1.9776030263300168
384,1.8724044531286534,1.9727237161915907
385,1.870222693148549,1.9700314410319337
386,1.8702168573087734,1.964972893011959
387,1.8683382059532214,1.961792452974197
388,1.8663380621402412,1.9588598725013737
389,1.866815486719051,1.9538312092054422
390,1.864658067085303,1.951256776900565
391,1.862481580285468,1.9487545419544954
392,1.8618758855593733,1.9441418723747212
393,1.8600582974479325,1.9410439224375817
394,1.8595072921410218,1.9364409581318247
395,1.8589902608702251,1.9318394162622374
396,1.8572263920501508,1.928740739096344
397,1.8591025724237216,1.9247955188097805
398,1.8579132459545449,1.9209073448406513
399,1.8561340058800804,1.9179123641231914
400,1.860187778122796,1.918576154584601
401,1.8600436842006378,1.9138890403418862
402,1.8579107194091822,1.9116028065140547
403,1.85604365925896,1.9088448745587168
404,1.8597004999167248,1.9085209391951563
405,1.8579333042918855,1.9056178245373157
406,1.8558349945777564,1.9033576750049472
407,1.854587945467967,1.8997246859479595
408,1.852602207456301,1.8973066310650717
409,1.852967074743142,1.8926677477608154
410,1.8522493027401274,1.8885265163122589
411,1.8503387471757475,1.8860494896009756
412,1.8500611708584531,1.881640893713025
413,1.8490430863127505,1.877872671203517
414,1.847120527125152,1.8755024783387644
415,1.845190080286618,1.8731763144154316
416,1.8440806737113993,1.8695865975733992
417,1.8447115036734758,1.8651307023442916
418,1.8445340770285927,1.8607946207668629
419,1.8435237952175298,1.8571530568632841
420,1.8483827064159113,1.8611847406267323
421,1.8477679696550549,1.8571639830075686
422,1.846833347843294,1.8534712199000674
423,1.845637863191401,1.8501157137024415
424,1.847416827747218,1.8466010601522407
425,1.8471992345924528,1.842397421263683
426,1.8459446478464592,1.8391812748500684
427,1.8452677921755871,1.8353338091909641
428,1.8437457348324502,1.832564137917037
429,1.842189131973386,1.8298752630008963
430,1.8407450441208406,1.827030159137743
431,1.8418910993148085,1.823051018701345
432,1.8400349515943286,1.8209641697132293
433,1.8392023191174427,1.8173843793727134
434,1.8402409362288088,1.8133905859773711
435,1.8391554790440714,1.8101398932269863
436,1.8378694725620452,1.8071822898062182
437,1.8382553806769293,1.8030469582443551
438,1.8604099448796048,2.0068046037911023
439,1.858497919279032,2.004416394848863
440,1.8601239545396944,2.0006095906432213
441,1.8605156900169606,1.9960755123160696
442,1.8589379524043192,1.9931439126063895
443,1.860134290230304,1.9889861506166895
444,1.8582033686411756,1.9867460864470514
445,1.8565778970161528,1.9839634042754135
446,1.8573422583388233,1.9796024987811272
447,1.8554879843746857,1.9772853737726366
448,1.8616532030641846,1.988164954269449
449,1.860967690746306,1.9841802718109218
450,1.8595310003024292,1.9811422663601996
451,1.8584496676204134,1.9776243732459995
452,1.857120416279669,1.974468381479787
453,1.8560974466603612,1.9709211693451703
454,1.8543458859484225,1.968522509697375
455,1.8561547900517172,1.9652045855844156
456,1.8573988338703495,1.9612881290219075
457,1.8571153789241992,1.9571585274731693
458,1.8566091771694717,1.9531918469419334
459,1.8583510712046778,1.9498744742531555
460,1.8587437107031872,1.9456389173307977
461,1.8575441060884021,1.9424640311983719
462,1.8563990695892056,1.939235455878507
463,1.8556739714534398,1.935543260451387
464,1.8543892899243701,1.932553337900482
465,1.8541293134968646,1.9285500449504713
466,1.853542799313279,1.9247886009716066
467,1.8517948474217576,1.9226517709392688
468,1.850090029448801,1.9204559967606294
469,1.8493165496163584,1.9169216184985687
470,1.8497738725024429,1.9128518472462308
471,1.8508302133344419,1.9090466936788
472,1.8491900533782382,1.9068083099713347
473,1.8481313188577007,1.9036746165459424
474,1.8488779915536857,1.8997445559421406
475,1.848127007963882,1.8962880424914685
476,1.846391578709681,1.8943134066796194
477,1.845661248546927,1.8908703593137086
478,1.84399206825776,1.8888114214007528
479,1.8423240435656145,1.8867721684548062
480,1.8430879681494867,1.8829324020179838
481,1.845328674974648,1.8807807707939854
482,1.843736736217153,1.878642341449433
483,1.846922578542616,1.878709960456964
484,1.845964396912356,1.875614461142595
485,1.8456979986167683,1.8719126255618548
486,1.8442541785345672,1.869568635667703
487,1.8428116040598324,1.86724230141735
488,1.8419548783154773,1.8640941332100718
489,1.8403480523386522,1.8621036061422698
490,1.8390970981729045,1.8595216413840074
491,1.84038377224488,1.8561859629960429
492,1.8386993593058247,1.8543986552882714
493,1.8384122910883336,1.850823208006372
494,1.836849077774074,1.8488418059965055
495,1.8351709061518013,1.8471021854263174
496,1.8345339088185315,1.8438442156741413
497,1.8389845050743578,1.848560990703585
498,1.8391618033487875,1.844859639993715
499,1.8404131281683709,1.841593187454221
500,1.839362905676455,1.8388476241043217
501,1.8379504790001466,1.8366820208477987
502,1.8363830687235256,1.8348168997803649
503,1.8347568273240207,1.8330847999176803
504,1.8342740852506365,1.8297788958745709
505,1.8327909734180867,1.82781234621069
506,1.8314317396050948,1.8256447192119198
507,1.8298114713821503,1.8239771509606633
508,1.829241649716046,1.8208025609335898
509,1.8300755695650204,1.8173518037749383
510,1.8292797710582998,1.8144384169640029
511,1.827943908787946,1.8123127040896376
512,1.8265769304075925,1.810257982200566
513,1.8255091570857893,1.8077430858346024
514,1.8246477544531878,1.804967320647674
515,1.8234075706615072,1.8027492721659704
516,1.8229462820185085,1.7995887262175496
517,1.8226680797494748,1.7963070589100818
518,1.8212200297106536,1.7944997311322177
519,1.8217682343630863,1.7910636633965342
520,1.8208899343889051,1.7883946152900756
521,1.822898526577303,1.786405997187438
522,1.82324744786804,1.7829838120504113
523,1.824995906777183,1.7806151789226796
524,1.8256234090799814,1.7772622045891362
525,1.8282055841765879,1.7765348247541022
526,1.8277244277694533,1.7735005861078819
527,1.82693186882812,1.7707957384693342
528,1.8270044421729077,1.7674763476809099
529,1.8265582875559314,1.764451421285669
530,1.8261109819378822,1.7614402327354806
531,1.83238322098234,1.7768886785295637
532,1.8332502047588366,1.7737107146158606
533,1.8327261707865927,1.7707562281654954
534,1.8316096489789593,1.7685318286119234
535,1.830667141133343,1.7660718324324047
536,1.8295583596438891,1.7638648805962478
537,1.8281624992561194,1.7621564438550095
538,1.827191698921787,1.7597766248000706
539,1.8274356189553014,1.7565149030760303
540,1.8271734843558085,1.7534448190525196
541,1.8260924927742044,1.7512647414882738
542,1.824879159790718,1.7493093614615516
543,1.8235585571350108,1.747553792217694
544,1.8224878308967933,1.7454001166418318
545,1.8227306383056245,1.7422012933543936
546,1.823013547253049,1.7390114006725814
547,1.8217083597535384,1.7372833096301576
548,1.820413002278646,1.7355525117048634
549,1.8196277316797917,1.7330705493332699
550,1.8184301218648191,1.731199544275946
551,1.818428259567433,1.7281181318556174
552,1.8294007889595982,1.7875214192208266
553,1.8287417931709609,1.7848066436968795
554,1.8302416196751023,1.7823704086333099
555,1.8289129493042888,1.7806417379874513
556,1.82770752774101,1.7787121451362906
557,1.8263358206394327,1.7770927698323105
558,1.8250319917429527,1.7753635044888163
559,1.8302380820146602,1.785571295101989
560,1.8349616616696693,1.7933253044065054
561,1.8339050873421732,1.7911522205815322
562,1.8343648128130206,1.7879802662760385
563,1.833555510504038,1.7854900337942476
564,1.8327446708768678,1.7830141190029305
565,1.835488532219483,1.7832437609656937
566,1.8341413092600665,1.781611532653782
567,1.832837584580119,1.779914074505382
568,1.8313862986702267,1.7785111588754796
569,1.83061424816031,1.776034961943978
570,1.8295249101951176,1.7740148784220842
571,1.829993061964577,1.770924445889691
572,1.8288695678094948,1.7689829571078113
573,1.828545039656101,1.7661182569086573
574,1.8293490578402847,1.763187963533431
575,1.8308817057152627,1.760999781054976
576,1.829503283291749,1.759552805041565
577,1.8289748131297605,1.756895049712105
578,1.8298522696928694,1.7540509289751978
579,1.8288731057438974,1.751959808747375
580,1.8282129600461632,1.7494683756808402
581,1.827432422966731,1.747130175261024
582,1.8460981958646343,1.940512433941852
583,1.8453006208741882,1.9378409244251638
584,1.8442293456328498,1.935565350466146
585,1.8434304133976482,1.9329204711529073
586,1.842067709866606,1.9311786998327287
587,1.84080345690936,1.9292688345847093
588,1.839461506943242,1.9275170218571172
589,1.8380365094204432,1.9259418216281659
590,1.8372387192432933,1.9233559173369343
591,1.837289921179918,1.9201312144278986
592,1.8359690131437099,1.9183952406367937
593,1.8437435203875112,1.9484977025354304
594,1.8469097382800634,1.9502238356054502
595,1.8455846044553927,1.9484360758397055
596,1.8444819717660534,1.9462720377352174
597,1.8448731337391797,1.9430221430061954
598,1.8434834194092022,1.9413992684746912
599,1.842457447087176,1.9391507807406188
600,1.8411845682404298,1.937333426367242
601,1.8428284684992418,1.9352538709268172
602,1.8434381936034503,1.9321123376957283
603,1.8472387250843048,1.9364685404094717
604,1.857247902121495,1.990753982627258
605,1.855901425458983,1.9889784524633831
606,1.8562856929691132,1.9857093125674923
607,1.8557048057591667,1.9828437724126717
608,1.8547583520892588,1.9804345298016186
609,1.8535071265372198,1.9785341131765914
610,1.8531480675373442,1.9755096376459607
611,1.853358633066563,1.9722769395626754
612,1.8660272491343,2.0635961410592456
613,1.8652411876519426,2.0608484225044337
614,1.8639712297657454,2.058854099249376
615,1.8627076538611678,2.056862145682956
616,1.861753010650297,2.054377201196705
617,1.8628621735864384,2.0515309372652477
618,1.8619339167813476,2.0490288441567834
619,1.866848280307114,2.059341850955701
620,1.8671210029766694,2.0560224147770696
621,1.8657615396684086,2.054249006011494
622,1.8647985883279938,2.0518106213172906
623,1.8634830176646822,2.049980502719539
624,1.862642245794094,2.0473958075765126
625,1.866087935162274,2.050624061935748
626,1.8666967523799916,2.0474459269401764
627,1.8661927484510181,2.0445024450965237
628,1.8682202105136716,2.0433142581792754
629,1.867983731419486,2.04019085610589
630,1.866718854397168,2.0383220363169823
631,1.8676891768732218,2.0354553352431055
632,1.8669610768702887,2.0327900906153475
633,1.86571510617707,2.030920914526384
634,1.8644797783434248,2.0290452893912434
635,1.8637339049900656,2.0264342944159925
636,1.8628459135765632,2.0240207831758488
637,1.8621780374573527,2.021340230658254
638,1.8611126705013115,2.019219554579311
639,1.8609181928944614,2.016167962798739
640,1.860616565513252,2.013190053336628
641,1.8596506658894794,2.010946949224096
642,1.8597297456745103,2.007827132475285
643,1.8585445827535323,2.0059707908252213
644,1.8613406791080467,2.007130845964195
645,1.8613175170913645,2.004055592866596
646,1.8615244728561073,2.000953378157373
647,1.8604056883227253,1.9990100367871417
648,1.8597337245382521,1.9964354161614495
649,1.8602846319119837,1.9934319831428577
650,1.8599485793079182,1.9905625048731788
651,1.8592463828969723,1.9880526169797024
652,1.859594939060653,1.9850149336949248
653,1.8585818359816375,1.9829599981784498
654,1.861673350112181,1.9853347149970648
655,1.865650183720947,1.9915916377404153
656,1.8648254033725424,1.989251060385836
657,1.8636040993186043,1.9875612415042956
658,1.8623281284421094,1.9859882703282514
659,1.8624866662179493,1.9829763032104724
660,1.863153730180371,1.9801106677286364
661,1.8659037499136084,1.9813895944047075
662,1.864662571578057,1.9797764229942851
663,1.863665166749815,1.9777474968255402
664,1.8631963789166952,1.9750707004015793
665,1.862160989365844,1.9731250035189924
666,1.8611075079943804,1.9712204450586963
667,1.8599190157670198,1.9695663062749582
668,1.8597258189424537,1.9667262885046957
669,1.86007890080564,1.9638002462502717
670,1.859327951146203,1.9614863992893299
671,1.8589037861128295,1.9588327218694603
672,1.8577725400335587,1.9571266168009491
673,1.856512862164539,1.955674841023242
674,1.8610871564989344,1.965593977998615
675,1.8605310609693129,1.9630738108727404
676,1.8592587280301602,1.9616478617444466
677,1.8581237718938206,1.9599710920328899
678,1.8594496490883008,1.9579256372193565
679,1.8591557225693718,1.9552124713426435
680,1.8579629166076617,1.9536698254160305
681,1.8581080565629597,1.9508037404466527
682,1.8598099625058218,1.9494652739015006
683,1.8586462017476708,1.9478910893855754
684,1.8637474587965874,1.96142995437218
685,1.8624883798768466,1.960022676828214
686,1.8630330690781705,1.9572467903346624
687,1.8657377735131755,1.9587099085613215
688,1.8645409267891364,1.9571960503319294
689,1.8642779784597494,1.9545009252311563
690,1.8633762585489164,1.9525008161924264
691,1.8638264270939426,1.9497192379687964
692,1.8640248879098287,1.9469017265680393
693,1.8643738666048733,1.944108517507846
694,1.8633640171639998,1.942315375673052
695,1.8639212625056716,1.9396110732428775
696,1.8633755947331903,1.9372066250887934
697,1.8673041900207081,1.9441379734510296
698,1.8670429321611268,1.9414948802144998
699,1.869476983051571,1.9422366874873715
700,1.8707482757763219,1.9402858648701509
701,1.869575468251771,1.9388091982291313
702,1.8684584846693022,1.937238809381734
703,1.8673267172976082,1.9357059683794804
704,1.866231746207668,1.934116005009099
705,1.8650209482993816,1.9327554444388793
706,1.864758478939218,1.9301631291189174
707,1.8651549388679776,1.9274628151331519
708,1.8641113724819858,1.9258185658535307
709,1.862897379360707,1.9245032096179129
710,1.8621085104893587,1.9224772715335319
711,1.8625706907701163,1.919824523779978
712,1.862289409618522,1.917288312785602
713,1.8612182074024306,1.9157390475090779
714,1.8614403528962675,1.9130564903451568
715,1.8617978538399629,1.9104000498388454
716,1.8611834865270998,1.9081986350433928
717,1.8615432233383884,1.9055570586080002
718,1.8609240016691737,1.903376556514884
719,1.8613823112504424,1.9007797472091081
720,1.8606434629790722,1.8987643432010521
721,1.8594625412042285,1.8974923911195707
722,1.8655490839648114,1.919928080461675
723,1.8646305360893287,1.9181545972503162
724,1.8634683147352153,1.916823130771358
725,1.8624428052079929,1.9152474380716495
726,1.8613568124174313,1.913790421908238
727,1.8614841179371617,1.9111608951646966
728,1.861072889365024,1.908799064126802
729,1.8605219423977986,1.906581525174256
730,1.8594256779967453,1.9051795396250633
731,1.8588532356056497,1.9030007908930786
732,1.8581128685590587,1.9010385212109338
733,1.859560214192046,1.8995972580798588
734,1.8586733150835049,1.8978625908655062
735,1.8584450650735083,1.89541044707045
736,1.8573010247279473,1.894149573159298
737,1.856245146264117,1.8927301335194662
738,1.8551233669901273,1.8914446738380728
739,1.8543670038810411,1.8895555406121625
740,1.8533737643372108,1.8880500731954974
741,1.8579107958026075,1.8994538445330318
742,1.8581717147362637,1.8968975099077194
743,1.8570558567418682,1.8956132168031392
744,1.8560362083169593,1.894157842950087
745,1.855372191908472,1.8921628411565712
746,1.8549904580592806,1.8898735953128438
747,1.8540518479033732,1.888302107327899
748,1.8542670182600087,1.8857779400430228
749,1.8532040086997295,1.8844447608728307
750,1.8533765407919072,1.881932571395535
751,1.8530309737643604,1.8796463138968735
752,1.8521692344953842,1.877987236565699
753,1.852190902130664,1.8755161993388267
754,1.8514227381331927,1.8737297533309192
755,1.8507437225060295,1.8718271052902156
756,1.8502588989124664,1.8697030377099497
757,1.8495758515053455,1.867820514401524
758,1.848803563101582,1.866070657846153
759,1.8481643943611548,1.8641455451952362
760,1.8474916768937013,1.8622712783966306
761,1.8466830892002908,1.8605988900271766
762,1.8490562254684213,1.8617517363442329
763,1.8481386516281815,1.860260961529727
764,1.8477934032231682,1.8580521765487463
765,1.8482556225475848,1.8556763677035326
766,1.8486028923723472,1.8532708585187432
767,1.8481151775779692,1.8512146035502361
768,1.847049484852217,1.850030149085861
769,1.8475512673763528,1.847694936721583
770,1.846565058532051,1.8463751161739006
771,1.8458148628083648,1.8446749976097223
772,1.8472403795104648,1.8434455089164001
773,1.8462623466348647,1.8421291231757808
774,1.8458460451725078,1.8400417898744743
775,1.8448699951626406,1.8387374509043293
776,1.8455890610371206,1.836577093750953
777,1.8445603413143796,1.83538406479504
778,1.8446773872634445,1.8330302864538333
779,1.8462282426985988,1.8321000482488603
780,1.8462128624970724,1.8297864316922459
781,1.854471723942866,1.8782046911765269
782,1.8537866651095911,1.876396365195539
783,1.85357225959242,1.8741259411294642
784,1.8532909786972824,1.8719072265904713
785,1.8522199220026543,1.8707648397924432
786,1.8516297138439122,1.8688607584918833
787,1.8507867034571197,1.8673235158972898
788,1.850506294325029,1.8651277119982
789,1.8511072680291147,1.8628974025550737
790,1.8510464947316996,1.8605883818458089
791,1.8500298589540765,1.8593846332685917
792,1.8505444892381917,1.8571207215363656
793,1.849522245794297,1.8559412270168252
794,2.145159962046518,71.16157594972053
795,2.143988098374465,71.07284256823363
796,2.1425512536778606,70.98481070649929
797,2.1472468989376288,70.91468305653527
798,2.1458409154296847,70.82700813360451
799,2.1450477914789254,70.73866145556059
800,2.1441786600920865,70.65061660763615
801,2.143626732305866,70.56252439419734
802,2.1596177604769666,70.68424220797634
803,2.1581858518252424,70.59743805294518
804,2.1570530061841713,70.51033482146204
805,2.1696952553439335,70.55540629382197
806,2.1743903084876504,70.48726483338011
807,2.1734196616365664,70.40037948121623
808,2.1724641913633733,70.31369376693506
809,2.171306284651845,70.22750147240558
810,2.170156852335475,70.14151344044713
811,2.1691405488295152,70.05555325298035
812,2.167942514692318,69.97007335302808
813,2.1671925581421028,69.88424935461343
814,2.1665306281687635,69.79856612477369
815,2.16674136308465,69.71306412103453
816,2.165460145215929,69.6285777319917
817,2.1644916550531437,69.54383237495297
818,2.1655318317571575,69.4600757928451
819,2.1644579740777887,69.37588734311699
820,2.1632992763020895,69.29203538776157
821,2.1619126831574595,69.20879394114418
822,2.1608612824804556,69.12519842492877
823,2.1607260909140162,69.04120967838989
824,2.1646961772442097,68.97171689248412
825,2.1651815617031342,68.88850194032507
826,2.1642582126048953,68.8055340348019
827,2.1628714557754174,68.7235025335383
828,2.1617057189771165,68.64128064562847
829,2.160813979326582,68.55888291252569
830,2.1611820127056562,68.47654379890673
831,2.1605549740596692,68.39429707800103
832,2.1617771286784637,68.31375854978279
833,2.162920097756397,68.23323868021821
834,2.1615901879070267,68.15249779596655
835,2.160440804861101,68.07164095416422
836,2.1605611163364555,67.99029704401084
837,2.1649427107767143,67.92657296696498
838,2.170313210864022,67.87148894244838
839,2.169555101993258,67.79085178503222
840,2.168453749864938,67.71082803549378
841,2.1672360594083013,67.63118625697311
842,2.1662584949425376,67.55137507339204
843,2.1654956161952614,67.47151268812198
844,2.1642361716173095,67.3925244769586
845,2.164905530773821,67.31340039263803
846,2.1640644007584577,67.23418700028442
847,2.163427935036842,67.15497384154686
848,2.162378329336903,67.07640429968761
849,2.1610852433743855,66.99842864067126
850,2.160135068654978,66.92009877645833
851,2.1589850585055834,66.84224904914423
852,2.15786489700467,66.76453825130852
853,2.1575125850623658,66.68629184195622
854,2.156953792550385,66.60832452794128
855,2.155802229094511,66.5312211967041
856,2.15464061431168,66.45431924363966
857,2.154290395381544,66.37680098242137
858,2.1541588335591375,66.2994407421356
859,2.1619826892640237,66.27728024613546
860,2.160856793623626,66.2009695710025
861,2.160134320464511,66.12432814131603
862,2.1592070623745703,66.04809171453714
863,2.158351031144047,65.97194777947546
864,2.1582006611880553,65.8955922940176
865,2.1571441931271487,65.82007253202957
866,2.1560346836821775,65.74481369446525
867,2.155460767443466,65.669118011862
868,2.1550377396806,65.59351399164393
869,2.164447179659651,65.59791682457296
870,2.163287980578684,65.5233358058852
871,2.163204077154037,65.44811743814124
872,2.162910887545051,65.37307206074115
873,2.1618347993104945,65.29887950879474
874,2.16082222718358,65.22476517366793
875,2.159827394151588,65.15079814215234
876,2.1590744561293267,65.07671018351712
877,2.1601672204895377,65.00393018002754
878,2.159067688329897,64.93063228972514
879,2.158649758640651,64.85681289664139
880,2.1581037535343763,64.78322967470949
881,2.156994887372503,64.71045693438856
882,2.1556889574088367,64.63821117522811
883,2.154385904660214,64.56612921374062
884,2.1539913108966977,64.49313337182727
885,2.15330624089065,64.42049092886475
886,2.152029857300649,64.34886017427422
887,2.1510264914589383,64.27692750049594
888,2.150362186420543,64.20476047907562
889,2.1491179920561865,64.13356661277814
890,2.148543765336487,64.06165362029864
891,2.147333577549536,63.99072517008424
892,2.146194456665129,63.91983281882782
893,2.146487272875161,63.84844017562413
894,2.145487482378122,63.7776460538399
895,2.1442329358761425,63.70745335113
896,2.1430673578454322,63.6372555516075
897,2.142156139680198,63.56681789123854
898,2.1409411930178828,63.49703340206778
899,2.143383713363682,63.43247661289641
900,2.142970782990203,63.362053971900195
901,2.143522667192677,63.292184744032355
902,2.1424809924339487,63.22271860152809
903,2.141609239509756,63.15316481950156
904,2.1405793010423446,63.08399454803112
905,2.139413746279351,63.015212066724665
906,2.1403985405944503,62.94683354978163
907,2.139873857018682,62.87755650416945
908,2.1389507338876426,62.80884515729284
909,2.1380143523823674,62.740306556906276
910,2.1373477033388157,62.67160250570127
911,2.136873861415819,62.602903299448606
912,2.1382687791275057,62.536436728265755
913,2.1373817552741534,62.46843518208769
914,2.136799483690046,62.400259518286475
915,2.1431070162404926,62.37021194499847
916,2.142966229713764,62.302122412444
917,2.142572220808132,62.23423315390042
918,2.141390356778504,62.167407276936714
919,2.1405611220282483,62.10017967289987
920,2.1398034547240896,62.03301609090107
921,2.14369897678286,61.980748806568364
922,2.1424940066054106,61.9145393582112
923,2.1415956031616923,61.84797062797552
924,2.1428902470393223,61.78297264394188
925,2.1417386197007096,61.717099978671875
926,2.1407783863735355,61.65105415010809
927,2.1398777924339583,61.58506783086604
928,2.139478375889808,61.51876200320286
929,2.1385432223312235,61.45311408744946
930,2.1374704742394286,61.38782909842304
931,2.137343766077347,61.32189198924306
932,2.1363978937605053,61.256690224643876
933,2.1355079373104724,61.19155072910918
934,2.134621926619015,61.12654789112493
935,2.135078694128095,61.06150934405611
936,2.1348088774446614,60.996287431440116
937,2.1355303909140844,60.9318917194417
938,2.134533390815783,60.867614062214805
939,2.134920533148557,60.80305650070523
940,2.134319163945958,60.73856943563981
941,2.134839317415138,60.674436105689864
942,2.133832894681329,60.61072790596445
943,2.133191222982973,60.546689052726244
944,2.133892062967317,60.483219765460674
945,2.1331484801456835,60.419558714150256
946,2.132139767401437,60.356402938542104
947,2.1319458637062096,60.292671415813395
948,2.1316427394938984,60.22909703045782
949,2.130518837609141,60.16655226338935
950,2.1294143355967217,60.1041075940583
951,2.128373343075214,60.04168537782316
952,2.1275517582454295,59.9790653535745
953,2.1265257787567715,59.91688674504323
954,2.126631972960651,59.85413519584473
955,2.125457266020042,59.79249782833549
956,2.124565769789517,59.73050594496533
957,2.12352360485506,59.66888760597198
958,2.122740828740198,59.60701230240063
959,2.211327846349105,67.09252475830344
960,2.2100762460534993,67.02365807912767
961,2.2105542815105754,66.95438079479132
962,2.209754824728032,66.88510591673186
963,2.2096630389743566,66.81566627351424
964,2.208971548449633,66.7465720019879
965,2.207750897476749,66.67837749936506
966,2.208605223624399,66.61045697492494
967,2.2074223491226475,66.542477870938
968,2.206315939065096,66.47450607033151
969,2.2059866508451185,66.40591805147436
970,2.2048032301753264,66.3383730171534
971,2.2037732413641824,66.270704793026
972,2.202756801909347,66.20315774993368
973,2.2016006700382396,66.13599148108426
974,2.200676669907062,66.06859080017962
975,2.1997069558960365,66.00139708534209
976,2.200653320945671,65.93506567028727
977,2.199562684029071,65.86834405771562
978,2.198514960266786,65.80169013579454
979,2.197312187604679,65.73545596811128
980,2.20683785440921,65.7611013206782
981,2.2067653603002713,65.69408533587229
982,2.220666638512912,65.82274633941506
983,2.219490023693996,65.75667639848652
984,2.21894708414843,65.68995119424474
985,2.2180256620828134,65.62374235430167
986,2.217241538895196,65.55749936813439
987,2.21601168419726,65.49208474008789
988,2.2147834244632607,65.42680431430986
989,2.2137134247077643,65.3613691246269
990,2.2125864811556206,65.29616929024824
991,2.211457737250141,65.23110840670337
992,2.21064587610637,65.16570681287303
993,2.2104416493681236,65.10008179252017
994,2.2095849487662824,65.03500226682361
995,2.2085353602767723,64.97034077400157
996,2.209104862492678,64.90571372794965
997,2.2128667091089147,64.85633884391713
998,2.211850062767821,64.7919966178136
999,2.2110581534554026,64.72747565088044
1000,2.2105026868009303,64.66286679244512
1001,2.209455519351911,64.59896958413809
1002,2.211092349815787,64.53791359740471
1003,2.210070475144186,64.47422908582094
1004,2.2095719118192068,64.4100957727445
1005,2.2085630617661787,64.34664984113921
1006,2.2121555693452715,64.29721228378004
1007,2.2116360278322356,64.23345808602181
1008,2.2117839230586185,64.16986349951775
1009,2.210840503644724,64.10680891417529
1010,2.2100069144826553,64.0437311506061
1011,2.2088113214699305,63.98137085949409
1012,2.207622944272086,63.91912414018511
1013,2.2066601055217436,63.85660715042553
1014,2.208062676399931,63.79624876825107
1015,2.207502116486536,63.73352364914725
1016,2.2126138252740906,63.69950520268021
1017,2.2114833226774366,63.63773397841091
1018,2.2109055794309085,63.57536083327495
1019,2.2097222143275137,63.51394233637324
1020,2.2090526945898397,63.45189328193154
1021,2.2080732971958836,63.390359147338415
1022,2.2072787007370063,63.328690323490555
1023,2.206239301121724,63.26750175270091
1024,2.20545643495512,63.20606329376313
1025,2.2044728594045604,63.145027467079444
1026,2.2050705739319056,63.084134339941805
1027,2.204396892704839,63.02293944212788
1028,2.2042452875611644,62.961635373402345
1029,2.2034731504036476,62.900786782194615
1030,2.2027042639748724,62.84005427906515
1031,2.2016640415334203,62.77983743813734
1032,2.200925649310393,62.71930852556919
1033,2.202077306539317,62.660464793967385
1034,2.201112310453462,62.6004770950162
1035,2.200067246397962,62.54074265463157
1036,2.199075411322978,62.48103606234019
1037,2.1988505521259083,62.42078546156059
1038,2.198023681489217,62.361068772922344
1039,2.200442988951314,62.30812571428226
1040,2.2015444600519505,62.2499560194974
1041,2.200522399171429,62.19087226716103
1042,2.199417484628924,62.1320557082583
1043,2.1984037699638965,62.07319081299827
1044,2.1973790697446582,62.01446104093977
1045,2.1963425360705044,61.95586790998648
1046,2.196555977337549,61.8968050017776
1047,2.195855961393799,61.837961523091494
1048,2.1979704256099253,61.78450626303983
1049,2.197124669906666,61.72606062721316
1050,2.196819896612024,61.66728828498335
1051,2.199284874465869,61.61600658446218
1052,2.1985662707569107,61.5577308173246
1053,2.198107262145211,61.49934844602371
1054,2.1970419976441287,61.441811147609194
1055,2.196262927200216,61.38394257938008
1056,2.195232752681301,61.326566642272404
1057,2.1943032836183693,61.26913347525455
1058,2.1936063086817015,61.211501925166196
1059,2.192651566308535,61.15433171602026
1060,2.1919610548726,61.09691332223492
1061,2.1916895705815236,61.039337750859005
1062,2.1908246221889183,60.98235943160961
1063,2.1903091923273665,60.92511121409437
1064,2.189238477108381,60.86869707908331
1065,2.1883901300469066,60.81202239139947
1066,2.1877258285183228,60.7552288859397
1067,2.186745826521053,60.69897848838893
1068,2.1857858445046676,60.642802579083174
1069,2.185148208529369,60.58630403996372
1070,2.1861709756088232,60.53121136631793
1071,2.185886835883134,60.47470599407171
1072,2.1851451259739263,60.418639250184206
1073,2.1845700925154445,60.36250492473911
1074,2.183737687515984,60.306770092413316
1075,2.1829983186771487,60.25101814202784
1076,2.1824545124485,60.19517306412096
1077,2.181645732711061,60.13972180937419
1078,2.180784734271107,60.08445052574244
1079,2.1810058833635195,60.02892823630494
1080,2.184880264415431,59.99099049792453
1081,2.1839266210961195,59.936156769261466
1082,2.185935229321228,59.885898383906465
1083,2.1848852691074927,59.831437469026525
1084,2.18467405653516,59.77624420760749
1085,2.1839332937880327,59.72150409982693
1086,2.183174623807182,59.66688906598846
1087,2.1822641550692996,59.61259611389876
1088,2.181327784720779,59.55844827151455
1089,2.1807457063444735,59.503945386546484
1090,2.1799819234289988,59.44974434869928
1091,2.1794247142043432,59.395421143012165
1092,2.1787133584051626,59.34135652462894
1093,2.177938971728614,59.287472220072225
1094,2.177289656334864,59.23353802481736
1095,2.176643228336702,59.17970053095283
1096,2.1763332929550474,59.12572870928389
1097,2.1763777523404872,59.071877244980556
1098,2.175704884092565,59.0183658169674
1099,2.1750134237072563,58.96497449358238
1100,2.1739456091179576,58.912278303518434
1101,2.173402848959759,58.858933332483545
1102,2.1724080548278746,58.806295163492614
1103,2.17145425119309,58.75368180602358
1104,2.1715099208645046,58.700512029686934
1105,2.1707866064013643,58.6477460217666
1106,2.1705391144267683,58.59472870759165
1107,2.1715198182133326,58.54322306619871
1108,2.1705261843330947,58.49116585554159
1109,2.1733787426375595,58.44844672039491
1110,2.1724884055554456,58.39638870942438
1111,2.1714683298358386,58.34465763663978
1112,2.1705654094957585,58.29281278978878
1113,2.1701852065748732,58.24049562374497
1114,2.1718689957326913,58.19197257070855
1115,2.1714366417259003,58.139868763550844
1116,2.1712953739837006,58.08777227714905
1117,2.1714800749636276,58.035896551358924
1118,2.1711396372604344,57.98402520833855
1119,2.1702358305084832,57.932838384959325
1120,2.1696985464915604,57.88127889664076
1121,2.1709441513346825,57.83183299537287
1122,2.1699839249865596,57.78102174939013
1123,2.1690801244612614,57.730205165526
1124,2.1683027003882644,57.67928564567911
1125,2.1676567244722853,57.62829235455002
1126,2.1673926260839185,57.57712764266792
1127,2.166370078166164,57.52689972301027
1128,2.165522060337574,57.476454250391434
1129,2.164977565552224,57.425723814312406
1130,2.1642681436478184,57.37526330443509
1131,2.1635385607442377,57.32491981411385
1132,2.16514207183755,57.277738176119776
1133,2.1657347988861786,57.22780201703417
1134,2.165000168105655,57.177729297453496
1135,2.1646318087382155,57.12740887815261
1136,2.1637008650940004,57.077822520365444
1137,2.164664691201131,57.02901750449806
1138,2.164272715494348,56.978973717606245
1139,2.163661700383046,56.92919645947546
1140,2.162973466089127,56.87959676814764
1141,2.1620740271537033,56.83039928047883
1142,2.161268551678637,56.78113818562759
1143,2.160379017546573,56.73210116809309
1144,2.1603662745022194,56.68252875267016
1145,2.161021543437887,56.63374862448101
1146,2.161458854975231,56.5847126161708
1147,2.161033289649576,56.535472857781464
1148,2.160160278168583,56.48684229809497
1149,2.1597074032291834,56.43779347017396
1150,2.158907894027022,56.38921902968368
1151,2.158357806714404,56.34042292804738
1152,2.157573505378826,56.29199830697203
1153,2.1574187989261646,56.2431764808309
1154,2.1577730528228463,56.194716721243196
1155,2.1584171914156323,56.14676732036155
1156,2.1580450251544594,56.09826136164911
1157,2.1571820123521754,56.050385919101984
1158,2.156646600134056,56.00216814826672
1159,2.1558602157086444,55.95434029154208
1160,2.158135142685242,55.91283721382805
1161,2.1576179949868304,55.86484648901252
1162,2.157395982873057,55.816778696978865
1163,2.157849424968121,55.76918807160223
1164,2.1574753749252675,55.72134257594779
1165,2.1566210111042534,55.674115678308986
1166,2.1557406266666983,55.62701672713682
1167,2.154797336342258,55.580115405742674
1168,2.1545148684191022,55.53255594806219
1169,2.153603059895164,55.48576217090301
1170,2.15269919359595,55.43903679493535
1171,2.151875659400927,55.3922560554849
1172,2.1524338178206985,55.34554738664329
1173,2.1581952190814353,55.339077017954516
1174,2.1572207867587343,55.292767564470026
1175,2.178369595125345,55.777925703453406
1176,2.177617883463545,55.730918906506474
1177,2.1767023387749456,55.68425708992278
1178,2.1758092674224367,55.637637357769236
1179,2.175159674177953,55.5907421370941
1180,2.1744818039224096,55.543962087917414
1181,2.1740374246504954,55.497034712051544
1182,2.177149879693393,55.462642377485174
1183,2.177391781539294,55.41594079069368
1184,2.1764652045377075,55.369851147137275
1185,2.1755655946552306,55.32379333118507
1186,2.175197027479952,55.27720363280918
1187,2.1742618534401545,55.231371071234925
1188,2.173448889553376,55.185407403982104
1189,2.1733895910160914,55.13900302201624
1190,2.1730188203578282,55.09272800398567
1191,2.1735794403949464,55.04706392132285
1192,2.1729581262780577,55.0011532297814
1193,2.172002962813019,54.95583308671474
1194,2.171350580794825,54.91011494977452
1195,2.17069298246992,54.86448103346047
1196,2.171767289601344,54.82037918265102
1197,2.170969876856865,54.7750928803085
1198,2.170456001259174,54.729535804757084
1199,2.169710621905658,54.68432609693185
1200,2.1690347013422127,54.6390986471284
1201,2.1684855569513384,54.59380429204813
1202,2.1679004396477977,54.548623122298764
1203,2.1670136915869205,54.5039509042129
1204,2.1664532488108366,54.45889597789651
1205,2.1655019009902388,54.41449875710264
1206,2.1648080463988904,54.36975259385642
1207,2.164833999230334,54.32473910222803
1208,2.163916112455018,54.2805059452313
1209,2.1639493880463245,54.23564338920775
1210,2.16313749456166,54.19137413588013
1211,2.162521970928057,54.146904816693436
1212,2.161599600495497,54.102982264823346
1213,2.1618430684524768,54.05855176137483
1214,2.161464242249042,54.01409565198362
1215,2.1609018416934496,53.96986374606562
1216,2.1603134174912286,53.925733599522644
1217,2.159404339415996,53.88215861831064
1218,2.15878821213876,53.83820719639602
1219,2.1581493831301812,53.79435660066169
1220,2.157913407145215,53.75027666312815
1221,2.157004411272697,53.706997360319825
1222,2.1587529005014527,53.66735241007599
1223,2.157993520456546,53.623955435168625
1224,2.1570554467666154,53.58094608695531
1225,2.158608792551031,53.54067037963848
1226,2.1578346360483964,53.497509067292135
1227,2.1572493485726327,53.454164683998776
1228,2.1563777735969545,53.411314102548914
1229,2.15646032529894,53.36790902864638
1230,2.156660633425693,53.32465241928871
1231,2.155927079495006,53.28178676317828
1232,2.15524168516258,53.23892330230943
1233,2.1552466613782193,53.19576605928405
1234,2.1551182201955563,53.15265766747014
1235,2.1547657560154634,53.109682639443264
1236,2.154345758521268,53.066821044879134
1237,2.1535371173381326,53.024499944770625
1238,2.152977178635319,52.981904420152375
1239,2.1520623947703794,52.93991843002511
1240,2.1525580450915824,52.897698964386585
1241,2.153391659297272,52.856209394680135
1242,2.1532173129336307,52.81365527075812
1243,2.153024456569043,52.77117242886262
1244,2.1527773458625843,52.728771031069435
1245,2.1528002359139933,52.686444998749174
1246,2.151991808239631,52.644746544781164
1247,2.151136014826464,52.60320108576453
1248,2.1505119177178647,52.561366833262326
1249,2.150122278243339,52.5193745422301
1250,2.14928354022757,52.47800459725538
1251,2.1493609090880197,52.43610415506863
1252,2.148933229762418,52.39434134685614
1253,2.148074097754222,52.35321287493201
1254,2.1476915121962197,52.311551634247614
1255,2.147300242137045,52.269963059940544
1256,2.1465155431697287,52.228906334688084
1257,2.147902807809011,52.19019858206742
1258,2.1494048271193424,52.152011758382606
1259,2.1491193117301486,52.11062344467745
1260,2.1483684780808963,52.06976985397243
1261,2.1475131944475,52.029163508491365
1262,2.146925361941379,51.98821585899702
1263,2.1472084372133113,51.94725485612198
1264,2.1467637839150684,51.90629348890443
1265,2.1465256595054654,51.8652797067013
1266,2.146579779706039,51.82434839807841
1267,2.1459530135486093,51.78377614118227
1268,2.1455133435678815,51.743070775286995
1269,2.144781444555928,51.70277955041608
1270,2.1439072492216065,51.66280262730193
1271,2.1434608578852323,51.622296342860245
1272,2.1432707178385124,51.581720388207856
1273,2.1447273862543126,51.5443352536991
1274,2.144553019982568,51.50388129598034
1275,2.1437611890382606,51.46407298075355
1276,2.143025807547513,51.424235436305345
1277,2.1437235568923674,51.384803194743284
1278,2.1434329165745676,51.34463656784297
1279,2.142737552406849,51.30492725331137
1280,2.141973306445411,51.26539063491187
1281,2.141332528461323,51.22573057615557
1282,2.1404698019858275,51.186498815121084
1283,2.1396632473143677,51.14722628584358
1284,2.1394530793944226,51.10740519843334
1285,2.1388223742119212,51.067983283985946
1286,2.137981670834507,51.02896305675925
1287,2.1382709253610526,50.98951581068179
1288,2.137465252407149,50.9505557710997
1289,2.136605304222359,50.911760038503104
1290,2.1360776511122883,50.872523022292306
1291,2.1365198503713767,50.833504637341505
1292,2.1359688025878616,50.79441610755802
1293,2.135204294674362,50.755694072155045
1294,2.1346182105450024,50.716770324025234
1295,2.133847414163844,50.678182656773444
1296,2.1336038754040985,50.639104617330595
1297,2.132759220415723,50.600774758612154
1298,2.1336810670814677,50.563152498813366
1299,2.1330556466157513,50.52458247236903
1300,2.133462691236463,50.48605473733101
1301,2.13292671799996,50.44749352219254
1302,2.1321088115697386,50.40941449538186
1303,2.1316008574313,50.37094268135354
1304,2.1307475655337593,50.33305280282092
1305,2.1299007810116874,50.29521082568547
1306,2.1292628878610462,50.25707856081472
1307,2.129307817467603,50.21865335816103
1308,2.1285672958226676,50.180798436058325
1309,2.1279052217626533,50.14287939476051
1310,2.127418636620293,50.104800564665396
1311,2.1266386373610913,50.06719302199803
1312,2.125999000639697,50.02941905514458
1313,2.1251687061420577,49.99202394435506
1314,2.1248733791279912,49.95403086043454
1315,2.1244189541418175,49.91621292138831
1316,2.123746131742385,49.87872274768104
1317,2.123081302517304,49.84127895994546
1318,2.123039411004906,49.803466613317795
1319,2.122254462644456,49.766339121519636
1320,2.121581127903523,49.7290824971165
1321,2.120998404753101,49.69175552948341
1322,2.120630644011479,49.65426808761445
1323,2.1198557195043723,49.61735502872074
1324,2.1193830065497714,49.58007307811554
1325,2.119344174303128,49.54265763769652
1326,2.1192472672953793,49.505295213991765
1327,2.118514464049906,49.46853758430244
1328,2.118046139381046,49.43147801714359
1329,2.117310917681299,49.39483882382468
1330,2.116482520493174,49.35842853618214
1331,2.1156602621723954,49.322063355543946
1332,2.115803538484452,49.28510530864935
1333,2.115051631609983,49.2487217799487
1334,2.114241016730226,49.21250366193165
1335,2.113526236046982,49.176168891554425
1336,2.113938670935431,49.13969093011676
1337,2.11366825213621,49.10298309197746
1338,2.1148675866384528,49.06849119304399
1339,2.1142940038688365,49.03216417770072
1340,2.114309142235989,48.995586526537636
1341,2.1139357059622386,48.9591613003518
1342,2.11387846892107,48.92268009085932
1343,2.1132198651953975,48.886694375935136
1344,2.1125160534355096,48.85083626592292
1345,2.1200247729484283,48.892047325503896
1346,2.1193298801506506,48.85621721278891
1347,2.1185127764674005,48.820661718884864
1348,2.1217835538441507,48.79965117125275
1349,2.121473541212882,48.76354162026063
1350,2.120869043809977,48.72777786077593
1351,2.122465093413223,48.69554806991572
1352,2.121752084694763,48.660054440015216
1353,2.1211794190304936,48.624405096983644
1354,2.120640106732452,48.58876738362638
1355,2.1215548476234956,48.55427376203798
1356,2.123467113246083,48.523901128550854
1357,2.1249784290033444,48.491626830556946
1358,2.124784834151705,48.4559327186483
1359,2.1241319501319165,48.42070494084729
1360,2.123701670065972,48.38525777995304
1361,2.1229508430512163,48.35029926310464
1362,2.1228617904646514,48.31479977962193
1363,2.122208732709876,48.279784285771164
1364,2.1214788721916107,48.244947706085
1365,2.121023508404865,48.20978664015036
1366,2.1205648866555395,48.17468100098855
1367,2.1201576082388347,48.13957900837652
1368,2.119593161108909,48.10470001195918
1369,2.1188531615366766,48.07014455683411
1370,2.121560657616828,48.0457535930011
1371,2.1207917215488576,48.011343734299054
1372,2.120098946466643,47.976851789113766
1373,2.1223278270224313,47.94927552307879
1374,2.121825433546601,47.914612716643
1375,2.122335629609696,47.880258741592684
1376,2.1215697682733623,47.84609261810134
1377,2.12133532487899,47.81137541583609
1378,2.120820402399019,47.77693030450855
1379,2.1200288149757816,47.742967636554255
1380,2.119372093209583,47.70881924311813
1381,2.1208007520286625,47.67744278327343
1382,2.1202714787433377,47.6432137359928
1383,2.1196156590870023,47.609212091598934
1384,2.1188409901248684,47.57546793989414
1385,2.1183678577456773,47.54132520186155
1386,2.1180421446184936,47.50710414181857
1387,2.117739211505016,47.47291825575417
1388,2.117118016386254,47.43911518056608
1389,2.116415639316295,47.4054923433743
1390,2.1156952005087466,47.37195113659248
1391,2.1151477028422274,47.33819499148575
1392,2.115547439165165,47.30451167654127
1393,2.11484782406241,47.27108267259092
1394,2.1140850093145005,47.23781767962497
1395,2.1136907951244095,47.20409161663289
1396,2.11323113635202,47.17047749402129
1397,2.113296958502723,47.13674207759985
1398,2.1127772559404048,47.10329381585427
1399,2.113482280157249,47.07048805493991
1400,2.1127123759947177,47.03753058891957
1401,2.1123084224020596,47.004102954207696
1402,2.112031363311128,46.97063087428746
1403,2.1112702925244045,46.93780323993608
1404,2.111625316901234,46.90463654531173
1405,2.11083908050406,46.871954328644684
1406,2.1109363089419726,46.83866081715388
1407,2.110723431226623,46.80539635559998
1408,2.1100966085127624,46.77257699848612
1409,2.1099363778904787,46.73939091059825
1410,2.1094446383173038,46.70648380691659
1411,2.1087041077878017,46.674002284277144
1412,2.108572950325,46.64095118546054
1413,2.1078749262025727,46.608487963791156
1414,2.1080618217834486,46.5756237517288
1415,2.1073413512070656,46.54329515355164
1416,2.106720046627193,46.51084695204726
1417,2.1059887224804688,46.47863329396464
1418,2.1052129208466583,46.44655261521164
1419,2.104903136407497,46.41389951548158
1420,2.1041609270943833,46.38184794237251
1421,2.103780281083058,46.34934188418309
1422,2.1040772742843616,46.31694205589898
1423,2.1040976472918014,46.2844056996472
1424,2.103939610706157,46.25191287825976
1425,2.1034968880166285,46.219650248869705
1426,2.1027726630552412,46.18784369306581
1427,2.1024479142369024,46.155567743752606
1428,2.101765462753217,46.12377851274129
1429,2.1012933682159485,46.09173119808255
1430,2.10215513237727,46.06074294686193
1431,2.10172433197187,46.028739999531666
1432,2.1009715270871085,45.99726262982725
1433,2.1002072433454235,45.965853882176035
1434,2.099675493630322,45.934105497481696
1435,2.0993341088251594,45.902201776000666
1436,2.0987568316639234,45.87060718460989
1437,2.0980698209686963,45.83923542758123
1438,2.0977447511728844,45.807453234646424
1439,2.096987291404777,45.77630458050845
1440,2.0963119282970744,45.74504781521526
1441,2.096234596034256,45.713302625011224
1442,2.0955634430035475,45.68212809538782
1443,2.0949227457541166,45.650946564578796
1444,2.0944408036417,45.61958247623824
1445,2.093859692205594,45.5883962048017
1446,2.0934051508818703,45.557088480951485
1447,2.0946717387753733,45.52816864371294
1448,2.093941193868756,45.49736719572528
1449,2.0940856631958362,45.46603152277422
1450,2.093497866545608,45.43507211950286
1451,2.094359941672061,45.40500475599676
1452,2.0939747436102056,45.373882973321685
1453,2.093485998438012,45.342916548648525
1454,2.092819155399807,45.31225949313485
1455,2.092355700117895,45.281349453537814
1456,2.0945846760968285,45.25790109529516
1457,2.0941619886558467,45.22702520118561
1458,2.09341842570966,45.19667745174739
1459,2.092880534946184,45.166027216656786
1460,2.0924195907036434,45.13532207045239
1461,2.093336470558466,45.105832164690405
1462,2.092954553431549,45.07512793579791
1463,2.092337285411534,45.044766451138265
1464,2.0917834973446148,45.01435070266974
1465,2.0913759007870367,44.98379850016514
1466,2.0912292572539153,44.95312420229999
1467,2.0905152828240854,44.92310452896753
1468,2.0900156452298453,44.89278455870361
1469,2.090731811871108,44.86311235082699
1470,2.089994451514247,44.8332642623094
1471,2.08932902058892,44.80332326839544
1472,2.089259093886076,44.77288635384078
1473,2.0889694461112382,44.742567920073476
1474,2.088792039087318,44.71223359047083
1475,2.088610421574726,44.68194195724768
1476,2.088992420042206,44.651958038687106
1477,2.0883659657989484,44.62220002042805
1478,2.087804372956886,44.59238125979186
1479,2.0883672766533414,44.562803600903905
1480,2.088238575751432,44.53270064337896
1481,2.0880028393894974,44.502677254703066
1482,2.087480113791603,44.47296662538889
1483,2.087087795440079,44.443142885367116
1484,2.0865217332610224,44.413576705128285
1485,2.086120110999331,44.383843646797935
1486,2.0854422023339385,44.354546784016065
1487,2.0847670320784775,44.32528596460762
1488,2.089024271455113,44.323192683620015
1489,2.0883018486431175,44.294079394013075
1490,2.0880289745505656,44.2644198122104
1491,2.0875631659049168,44.23497877424226
1492,2.087196446049941,44.20547223109807
1493,2.088165053666212,44.177438487863235
1494,2.087496766457769,44.14842317833361
1495,2.087242881880837,44.11894951696917
1496,2.086919363886976,44.08956345623383
1497,2.087646289283064,44.06103397010298
1498,2.0871541276550047,44.03190243576319
1499,2.0869987957391896,44.00254241086543
1500,2.08658339095929,43.97339899071738
1501,2.0863516028585987,43.94414842087373
1502,2.0857034662862795,43.91541532224891
1503,2.0851242043948086,43.88660673630008
1504,2.084687118159612,43.85764454702105
1505,2.0840860797557044,43.82894989691021
1506,2.083716312401204,43.799995431036386
1507,2.0835083621407224,43.770966068367
1508,2.083440411118584,43.74194046722688
1509,2.0850683561305043,43.717228543739886
1510,2.084354915008779,43.68892873403106
1511,2.0837906665849446,43.660405398542494
1512,2.083127925719784,43.63208715837174
1513,2.082813291326033,43.60335106728376
1514,2.085876949870992,43.58927333012023
1515,2.0942252457189823,43.66752672880066
1516,2.093586354536842,43.63922655257458
1517,2.093373366450243,43.61049448355983
1518,2.092712118925268,43.582311568119714
1519,2.0920958299160866,43.55408843717263
1520,2.094275148030299,43.53306055358343
1521,2.0935629172424353,43.50508232583487
1522,2.0934952113974057,43.47649823099031
1523,2.0935749777432986,43.44798195908788
1524,2.0931777728606438,43.41964463738562
1525,2.0942265122862302,43.39305114878305
1526,2.0947211326465465,43.36508770122523
1527,2.0946291623003335,43.33669019133423
1528,2.094287452273025,43.3084480900731
1529,2.093909798149965,43.28027607024261
1530,2.0936820491754338,43.252030656950794
1531,2.093664715782265,43.2237827652092
1532,2.095807419878682,43.203009614938146
1533,2.0952538291742706,43.17519733130226
1534,2.094676362865377,43.14745927302103
1535,2.094984634943572,43.119560264297995
1536,2.095550255460774,43.092092365395565
1537,2.0951150802008427,43.06426972174801
1538,2.094512070153773,43.036719967191715
1539,2.094114218178268,43.008930089580765
1540,2.0937838291430895,42.9811138775505
1541,2.0935585665662533,42.95326382577744
1542,2.0928821003123463,42.92599299953152
1543,2.092384621643312,42.898468219350605
1544,2.091862488422714,42.87101422104651
1545,2.0917706983001465,42.843267606875784
1546,2.0911902377657974,42.81597508297701
1547,2.0906451877815524,42.78866385612321
1548,2.0904557294278554,42.761049125911114
1549,2.08975862022169,42.734075463424816
1550,2.0892325117793495,42.70684486907949
1551,2.0885329838823394,42.679949088184536
1552,2.0888377003597767,42.65265223273002
1553,2.090384643081824,42.629183863926286
1554,2.090730666056835,42.602005827379216
1555,2.0901886523934925,42.57497280452117
1556,2.089710360779314,42.54788590637876
1557,2.089080884090819,42.52106824373434
1558,2.0884955479455107,42.494210767130426
1559,2.087965712564303,42.46730231411884
1560,2.0873234609034927,42.44061513244079
1561,2.086670109127126,42.41398415904274
1562,2.086242375421431,42.38704696305856
1563,2.0870907317136984,42.36120392247871
1564,2.086596375355408,42.33441971878875
1565,2.0892113058235586,42.318527903033136
1566,2.088864911127943,42.29163575815535
1567,2.0884635663191875,42.2648329566494
1568,2.0878331408679784,42.23839497541175
1569,2.0872221718443256,42.21195766378416
1570,2.0868594849460194,42.1852191641459
1571,2.0865730980914785,42.15845060223255
1572,2.0860085432434237,42.132040297917996
1573,2.0853996894247526,42.10573886935404
1574,2.0851749099427725,42.07903385119431
1575,2.0853228152747407,42.05238126083139
1576,2.0847350087130736,42.02614712454395
1577,2.0840500860341233,42.000125976958316
1578,2.08343595711237,41.97400631871941
1579,2.0834750630496974,41.94743701671976
1580,2.083097899151032,41.921054207688556
1581,2.0834943636684047,41.89485744335479
1582,2.0828943270856315,41.868849029329745
1583,2.0824217892168715,41.84267944817805
1584,2.0827790891430737,41.81652902109124
1585,2.082117456456846,41.790734983634735
1586,2.0822025567531868,41.7644149278821
1587,2.0815289808171658,41.738711893989326
1588,2.0823564551552787,41.713654507892734
1589,2.081876310893107,41.68769450287122
1590,2.0812499503611255,41.662001275837
1591,2.080714383438404,41.63618869786167
1592,2.0806823572974404,41.6100358681517
1593,2.081488495451045,41.585084711931714
1594,2.0815495841578615,41.55901627252185
1595,2.0810934971769464,41.53322202948615
1596,2.080878510168635,41.50724172589822
1597,2.080379102916676,41.481572584473746
1598,2.0797986054633286,41.45606336660942
1599,2.079329992645163,41.430417453338585
1600,2.078694485230318,41.4050727375919
1601,2.0782420312432826,41.37947113580532
1602,2.077629439660125,41.35415039428975
1603,2.077327285580103,41.32845561802796
1604,2.0767920540733416,41.303070202132645
1605,2.078396279908096,41.28171679230517
1606,2.0778353825090274,41.25643325127027
1607,2.0773689725173674,41.23104104724092
1608,2.0806816586186727,41.2235621872532
1609,2.080312368198784,41.19810546063337
1610,2.0859064389178723,41.223801867455784
1611,2.085513930716147,41.19839825331539
1612,2.0853391683029194,41.17286481497485
1613,2.084774086271942,41.1477622975688
1614,2.0841557435480484,41.12278474409285
1615,2.0838333903658057,41.097439666188656
1616,2.0836344974250376,41.07204300990818
1617,2.083260878453834,41.04681040936501
1618,2.0828439297442762,41.02165768919424
1619,2.0824251928492443,40.996538773648865
1620,2.088695242446772,41.03595798766848
1621,2.0896495954670513,41.01229331238854
1622,2.0899540410878408,40.98721817842868
1623,2.090130271695248,40.96205128995822
1624,2.089470108386114,40.93742211723496
1625,2.0935766690092623,40.94037335265743
1626,2.0931409133814407,40.91542735320259
1627,2.09308025169366,40.89027959875396
1628,2.092935553700813,40.86517519043355
1629,2.0939299599009176,40.84189010038313
1630,2.09327527012123,40.81741479739601
1631,2.0939931185212646,40.79336850594582
1632,2.0933431718188484,40.768945208677906
1633,2.092723622657086,40.744496021742776
1634,2.092080216678043,40.72012296255538
1635,2.0918648772363935,40.69525903406489
1636,2.0912096313913326,40.67097136348864
1637,2.0905841630742783,40.64665793914924
1638,2.0900666469415796,40.62219307557626
1639,2.090192866038652,40.59746212996174
1640,2.0895904802604996,40.57319898284439
1641,2.088928728050711,40.549079241326375
1642,2.0887272093142073,40.5244199647356
1643,2.088574996108815,40.4997709183511
1644,2.0888768283271113,40.47534403581318
1645,2.0882894371070146,40.45120692618528
1646,2.0877377691357473,40.42703972876416
1647,2.0872365688870436,40.402824318419945
1648,2.086821018118921,40.37852473759517
1649,2.086348888136729,40.35432822677068
1650,2.0858592981192507,40.33018652824366
1651,2.085391518314723,40.30604420263995
1652,2.0849177970016997,40.281940109532435
1653,2.0842935309372033,40.258113647064754
1654,2.0839635542325543,40.23390255726449
1655,2.083857983583539,40.2095970189386
1656,2.083244450000653,40.185840565659845
1657,2.08511136050904,40.16767863364859
1658,2.1055344961238576,40.83849210753549
1659,2.1062126981172615,40.8147887081909
1660,2.1056954932623992,40.79054246592786
1661,2.1051150445872597,40.76642829324893
1662,2.104561484743292,40.74229931372107
1663,2.1046277231554136,40.71782775847845
1664,2.1040835140843632,40.6937434261417
1665,2.1036338517528126,40.66955229775498
1666,2.104032646792779,40.64549486212198
1667,2.1038212078686236,40.62114946656334
1668,2.1034444942915145,40.5969612109509
1669,2.103585669382669,40.572705970898475
1670,2.1038583612711106,40.548598039117074
1671,2.103366123695081,40.52464106092008
1672,2.102722660322116,40.50096948448822
1673,2.106079789335952,40.49631214643782
1674,2.105551945513734,40.4724819444966
1675,2.1058461840918845,40.44853305045911
1676,2.1054069811264786,40.424636088692026
1677,2.104991313675397,40.40073950797994
1678,2.104588963372521,40.3768565129615
1679,2.104170292546581,40.35302159777557
1680,2.103545898685274,40.32953329240254
1681,2.103360198482489,40.30556778818028
1682,2.1027922452857086,40.28203641421925
1683,2.102874944796793,40.25813654240656
1684,2.1022419092429168,40.234781159226884
1685,2.102438255258092,40.211014263921356
1686,2.101826747274607,40.187675721346444
1687,2.1013266007523232,40.16418003089697
1688,2.1007372620593476,40.14085901272193
1689,2.100154279741747,40.11755555228857
1690,2.0999136318945273,40.09387295558807
1691,2.099509301156612,40.07036435756741
1692,2.0990231593077655,40.04699108711748
1693,2.0985677256845388,40.02360338942715
1694,2.0981027359030127,40.00025704339815
1695,2.0975351558296884,39.97709842673945
1696,2.096998045107258,39.95391713467837
1697,2.0965298070045053,39.930660052437375
1698,2.0959862636785873,39.90754597003526
1699,2.0955669011792737,39.88428083723821
1700,2.095099034348397,39.86110757170641
1701,2.0945815339027773,39.838036074433084
1702,2.0939456275492576,39.81520268818839
1703,2.0937211694740694,39.79187204692888
1704,2.093410199423901,39.768631655959815
1705,2.0929413223980373,39.745599303952645
1706,2.0923398758221823,39.72281215613802
1707,2.092594766150614,39.69970458632891
1708,2.0923736071025587,39.67650880355419
1709,2.092894316681528,39.653857158285895
1710,2.0923744665125206,39.63103834986723
1711,2.0919947667277663,39.608057365573345
1712,2.091366327524134,39.58548726531916
1713,2.0908032270707353,39.562823537471644
1714,2.090257184614722,39.54015807268886
1715,2.0907613137952237,39.51763420034253
1716,2.090850249757809,39.494639793231485
1717,2.090348176708743,39.47198407034221
1718,2.0899186268540477,39.44925265335565
1719,2.0894931514508652,39.42654307552835
1720,2.090676460054083,39.40624549631576
1721,2.091127081161376,39.38378416508386
1722,2.0909406600136795,39.36094390103575
1723,2.09062156680461,39.33822167572503
1724,2.0968015733673684,39.38237236640902
1725,2.096197315756784,39.36006029616524
1726,2.095902161181614,39.33735502766725
1727,2.095689521250939,39.314619800865145
1728,2.095977256657418,39.292071714190385
1729,2.0954968158120852,39.26965859659136
1730,2.095349574355598,39.24697402773828
1731,2.0947233864210038,39.22486560476299
1732,2.0948314240583557,39.20226431767252
1733,2.097235847353166,39.19012340419918
1734,2.09689449238069,39.1676635302894
1735,2.096374723036999,39.14546192166816
1736,2.0959109289792894,39.12320206883851
1737,2.0954038635978085,39.10103327535722
1738,2.0951921413177583,39.078578304606175
1739,2.094617126794565,39.05657715966148
1740,2.0943118173046784,39.034240413152695
1741,2.0936919681260577,39.01237693265181
1742,2.0933315323770976,38.99014557727418
1743,2.0927988907464683,38.968176090385164
1744,2.093186127018897,38.94617027694245
1745,2.092621057504894,38.92430840245249
1746,2.092801817048288,38.902110430551524
1747,2.0924237508091283,38.880026944599294
1748,2.0918203950599477,38.85831406297002
1749,2.0951064034148668,38.85559032326314
1750,2.095859972667867,38.83452940260052
1751,2.0965033711995633,38.81320436351424
1752,2.0963306048698103,38.7910749726263
1753,2.0961928075440106,38.76895860995118
1754,2.095781665825603,38.74707811029368
1755,2.095212733585921,38.72546430920892
1756,2.094815241781089,38.70361800105745
1757,2.094315439460521,38.68193900250124
1758,2.0937635167862174,38.660372094091926
1759,2.093220474797217,38.638815368354976
1760,2.0939212399027833,38.61786137108105
1761,2.0949741897359173,38.598087088847926
1762,2.094608557871416,38.57635247449852
1763,2.0954822017562407,38.55598739126932
1764,2.0950078438465414,38.534441765579835
1765,2.094529300654776,38.51292759544531
1766,2.0952041575774083,38.492056535758664
1767,2.0945878531283673,38.47083163108411
1768,2.094419191588307,38.449095558499394
1769,2.094000642486375,38.427596526791554
1770,2.093518320027646,38.40621209906479
1771,2.0931180735428025,38.384739713064725
1772,2.0934405640787483,38.363327137051186
1773,2.0932360994427657,38.34173045027472
1774,2.09282895111341,38.32034035287229
1775,2.092914862238541,38.298785334358165
1776,2.0931305497796195,38.277348266653505
1777,2.0928953290596035,38.25586722196537
1778,2.0941375930279897,38.2373304854795
1779,2.093665385412136,38.21614952190236
1780,2.093582021777733,38.19468145727465
1781,2.0934339252465217,38.173252079992494
1782,2.093324054903393,38.15183638104266
1783,2.09524902586976,38.1374099353323
1784,2.094639322358252,38.116584582733005
1785,2.0948203789368818,38.09532855663289
1786,2.0942714200510375,38.074437736121354
1787,2.0950012506419333,38.05422581944481
1788,2.094500019870706,38.033301711283926
1789,2.0938930765356796,38.01259149150539
1790,2.093387288121984,37.99172327313785
1791,2.0974264889188627,38.000490408048655
1792,2.0971735278205297,37.979355452704624
1793,2.0966778573941465,37.95852289129678
1794,2.0962674781317996,37.93759228470159
1795,2.095833143257611,37.916717295038
1796,2.096780571318542,37.89740436607316
1797,2.0962571343924004,37.87671135223251
1798,2.0958421398175036,37.85588024138814
1799,2.0952705239509943,37.83532085635099
1800,2.094905093552123,37.81447701752428
1801,2.0948116609903336,37.79348362812498
1802,2.0943361734895087,37.77283278794683
1803,2.093770873852064,37.752357250235775
1804,2.0934269770775806,37.73158395213339
1805,2.0932700701718563,37.710699983317504
1806,2.0939821655938955,37.69087263461167
1807,2.0935088000274282,37.67033519200162
1808,2.0935784825655586,37.64952647672946
1809,2.093148796943686,37.628972552130584
1810,2.092593973059272,37.608641667406346
1811,2.0922405681925755,37.588040358429
1812,2.0918360255894974,37.567523014207836
1813,2.091485120828208,37.546965263847625
1814,2.0910683886744597,37.5265102203737
1815,2.0949063105888337,37.533272358277614
1816,2.094496254118121,37.512836736478846
1817,2.0940428951524246,37.49248394562357
1818,2.0941141390665283,37.47188850946541
1819,2.093630257788007,37.45162793282989
1820,2.093107960286681,37.43145361272942
1821,2.0931703636607124,37.410921646599476
1822,2.0927758982159776,37.390603526811866
1823,2.092740878049121,37.37009350687621
1824,2.0928192019539225,37.34963594963243
1825,2.0925259475330034,37.32927762380782
1826,2.092955211286757,37.30925502356869
1827,2.092687589723364,37.2889198033002
1828,2.093144394366946,37.26899188022309
1829,2.0927892268872377,37.24878447313194
1830,2.0922071179871633,37.22894672097072
1831,2.0946637842585254,37.220122300604494
1832,2.0942440437475973,37.200053828612745
1833,2.0964913831675904,37.18944527219406
1834,2.0958939252236193,37.1697119288286
1835,2.095382703435505,37.14984249320824
1836,2.095012024365789,37.1297948885791
1837,2.0946512745569787,37.10975812853324
1838,2.0941935118418535,37.08987120119155
1839,2.094647443693631,37.07017197435056
1840,2.094275739935475,37.05021386986658
1841,2.093723667950227,37.030550661750006
1842,2.093202701250054,37.010854259438425
1843,2.0933091803855133,36.99081786411762
1844,2.0929607080001515,36.97092138036011
1845,2.092826380196875,36.95089594112059
1846,2.092338487229998,36.931232714540464
1847,2.0919457167139814,36.91145447623813
1848,2.091732859056529,36.89152990733509
1849,2.0913301268206026,36.87180831370189
1850,2.090867309017809,36.852193847429895
1851,2.0902876428800177,36.8328055795617
1852,2.092004529358701,36.818691023399225
1853,2.0917561233278317,36.79889444911985
1854,2.0918659107024213,36.779093105415626
1855,2.0914035313462342,36.759582285868305
1856,2.0911939599098934,36.739824182579135
1857,2.0907363953131157,36.720349494033805
1858,2.090378650299775,36.70076341949979
1859,2.090850095627816,36.68152400591645
1860,2.09035799930603,36.66216819529892
1861,2.089831403046027,36.64289322858006
1862,2.0892525289923216,36.623738187856276
1863,2.0887130812954773,36.60452983512836
1864,2.088180226494836,36.58533114497324
1865,2.0882438812857487,36.56573729777761
1866,2.0876753775919714,36.54664843516307
1867,2.087498321512874,36.52710496772967
1868,2.086934497229172,36.508050107268524
1869,2.0864894180424978,36.48881353876577
1870,2.0868658664134436,36.46963492609151
1871,2.086497469330406,36.450336827186874
1872,2.0866999794882455,36.430981294740015
1873,2.086125571172409,36.412053088469705
1874,2.0858291907417903,36.3927404851016
1875,2.08538112614835,36.37363446687142
1876,2.0850526163127916,36.3543957802371
1877,2.0850168864721534,36.3350276011094
1878,2.0850067959964145,36.31568220028076
1879,2.0846714244751405,36.2965132344388
1880,2.0841525025498018,36.27762876251017
1881,2.083583929846958,36.258858561483414
1882,2.0848857200021773,36.243003105719495
1883,2.084515318988133,36.22395491156265
1884,2.084132136585119,36.20494340639649
1885,2.0857500400104687,36.19094672789952
1886,2.085434945704983,36.17189457712831
1887,2.0849571852619215,36.153078532092586
1888,2.0849548819189567,36.133933097343615
1889,2.0854228282839404,36.11530146415
1890,2.089990186432931,36.1364038504881
1891,2.0894784408235254,36.11770157120927
1892,2.0891966446364005,36.098715921274064
1893,2.089281846896974,36.07967948523361
1894,2.088733461480417,36.061105887121215
1895,2.088379574529174,36.04225495368421
1896,2.0879211959335016,36.02356679296901
1897,2.0874051307620105,36.00499558116725
1898,2.0884961126336288,35.98847943330401
1899,2.087965099171851,35.96997376386081
1900,2.0877708916196034,35.95108376579531
1901,2.0872489963438086,35.932602318569714
1902,2.086717249373728,35.91415932217235
1903,2.086285736328369,35.89557038918743
1904,2.0857547545817114,35.87716676848939
1905,2.0857577764137085,35.85833800605248
1906,2.0854135426327267,35.83969527949491
1907,2.085065504580159,35.821076889277215
1908,2.0852069070751083,35.802368739261496
1909,2.085790198981066,35.78436692663456
1910,2.08526669636538,35.76606913161477
1911,2.0849443374555188,35.747500653487606
1912,2.0847122715439577,35.728871580351395
1913,2.084208183378853,35.710599149267445
1914,2.083757381289859,35.69225832423043
1915,2.0833685815384104,35.67384808432173
1916,2.0847180003409846,35.65894669547284
1917,2.084230053798259,35.64072275293156
1918,2.0838985360847047,35.62229916736708
1919,2.083603354734984,35.60385756218368
1920,2.0830692198611507,35.585775991932664
1921,2.082694887915604,35.567461962032525
1922,2.082165362786973,35.5494114214738
1923,2.08176417334219,35.53117208362401
1924,2.081271626224985,35.513094435303174
1925,2.0833070989407774,35.50295592028723
1926,2.0829310349155112,35.484735730826046
1927,2.08345450909092,35.46693967396284
1928,2.0840294887359927,35.44928093989516
1929,2.083644412333897,35.43112889943765
1930,2.0833066100819257,35.41293814908952
1931,2.083206553737207,35.39460523367917
1932,2.082646383453252,35.37680165218486
1933,2.0822397680291096,35.35875606875786
1934,2.081852570139162,35.3407031218909
1935,2.0819157940437276,35.32246073986057
1936,2.0813892526189135,35.30466961706583
1937,2.083561792305051,35.29594271295828
1938,2.083155716425871,35.277985461928125
1939,2.0827611678791946,35.26003134463819
1940,2.0824207741925957,35.242028042267336
1941,2.082008152026381,35.22413735901966
1942,2.0815216536611403,35.2063825895043
1943,2.0834887397379,35.196105428094604
1944,2.0830305862429768,35.17833557444657
1945,2.0837744926766884,35.16145246182244
1946,2.0842387202386363,35.14388464837236
1947,2.0841634356332364,35.12583636982993
1948,2.0836294398058106,35.10827385195921
1949,2.083436677773122,35.09030413794642
1950,2.0832652502109656,35.07234137903041
1951,2.082736953430423,35.054824876993464
1952,2.0824408716349736,35.036992096631415
1953,2.0823573109534594,35.01905534751359
1954,2.082076584000318,35.001244841570376
1955,2.081545120345776,34.98380979271406
1956,2.0812817847018534,34.96602050161893
1957,2.0811715202677203,34.94816259220921
1958,2.081755220828782,34.93107891165903
1959,2.0827576459910753,34.91538366732507
1960,2.0822173464351357,34.898055932803345
1961,2.0823389450303105,34.88031231970882
1962,2.0818351154468426,34.862952911076356
1963,2.0814801107477883,34.845385575464675
1964,2.0809527942990673,34.82810708954716
1965,2.083406350512617,34.82261261987709
1966,2.082867761486002,34.80538419106695
1967,2.0823945283457372,34.78805510565015
1968,2.082053501026518,34.77055437811057
1969,2.082864932010601,34.75432839690394
1970,2.082494198530721,34.73689941313934
1971,2.0824379607278316,34.71927582325519
1972,2.081933713459831,34.70209141882186
1973,2.0814000514231905,34.684980782037805
1974,2.081064035001774,34.667581401387814
1975,2.080863594827441,34.65007837403662
1976,2.080509764945845,34.632736381006765
1977,2.0806440570081493,34.615279114035665
1978,2.080100851073204,34.598278301940915
1979,2.080079709946811,34.580796334139855
1980,2.079982139554595,34.56333774699973
1981,2.079913036391027,34.54589196261852
1982,2.0798271383156712,34.52846626574755
1983,2.079333939640038,34.5114608555253
1984,2.0788896589835555,34.49439025766575
1985,2.0783582557940834,34.477492564818014
1986,2.0785675266428667,34.460255159961825
1987,2.078225736477095,34.44309382559026
1988,2.0790059671838175,34.427103686814796
1989,2.078744719028257,34.40989254519283
1990,2.0783555059748804,34.39284441963767
1991,2.078214405147477,34.37559087504397
1992,2.0783949958250814,34.35843033801282
1993,2.0779831474592787,34.34146734520422
1994,2.077675099847884,34.32438916642132
1995,2.0775267769626247,34.307207830458694
1996,2.0775045185958403,34.290020399455905
1997,2.07696668682299,34.273346930551284
1998,2.076497114669663,34.256564340351666
1999,2.0761516592391054,34.23961612400633
2000,2.075814425459352,34.22267530690259
